time,speed
37:50.2,2.002016147
37:50.3,1.987178879
37:50.4,2.047292974
37:50.5,1.919653005
37:50.6,1.886944483
37:50.7,2.040061875
37:50.8,1.90353591
37:50.9,1.900784643
37:51.0,2.095799523
37:51.1,1.962081253
37:51.2,1.936104051
37:51.3,2.019685345
37:51.4,1.803948294
37:51.5,1.825042927
37:51.6,1.86366786
37:51.7,1.711054832
37:51.8,1.781400405
37:51.9,1.830704069
37:52.0,1.786956925
37:52.1,1.939637736
37:52.2,1.971377318
37:52.3,1.790315583
37:52.4,1.803101617
37:52.5,1.93403192
37:52.6,1.908717938
37:52.7,1.753431936
37:52.8,1.688822104
37:52.9,1.79363502
37:53.0,1.896667211
37:53.1,1.717852836
37:53.2,1.564605359
37:53.3,1.718957933
37:53.4,1.775767274
37:53.5,1.653656239
37:53.6,1.607728256
37:53.7,1.625064455
37:53.8,1.759637367
37:53.9,1.847626206
37:54.0,1.715039878
37:54.1,1.768866247
37:54.2,1.831175445
37:54.3,1.737377604
37:54.4,1.737092118
37:54.5,1.722424526
37:54.6,1.600948826
37:54.7,1.585435338
37:54.8,1.666035335
37:54.9,1.628756902
37:55.0,1.587048292
37:55.1,1.550783707
37:55.2,1.530441176
37:55.3,1.614004468
37:55.4,1.555191752
37:55.5,1.41908013
37:55.6,1.520376228
37:55.7,1.562080568
37:55.8,1.533800135
37:55.9,1.599717075
37:56.0,1.594042039
37:56.1,1.620920041
37:56.2,1.593085731
37:56.3,1.541888238
37:56.4,1.582383366
37:56.5,1.546934226
37:56.6,1.528856847
37:56.7,1.570360397
37:56.8,1.535488223
37:56.9,1.491305914
37:57.0,1.495536311
37:57.1,1.466036342
37:57.2,1.405145056
37:57.3,1.346053843
37:57.4,1.271653752
37:57.5,1.295347828
37:57.6,1.339522065
37:57.7,1.293875748
37:57.8,1.311589771
37:57.9,1.380383148
37:58.0,1.378502731
37:58.1,1.365931836
37:58.2,1.392068991
37:58.3,1.454522907
37:58.4,1.460787121
37:58.5,1.402075105
37:58.6,1.344683299
37:58.7,1.27554736
37:58.8,1.310836521
37:58.9,1.298592029
37:59.0,1.200377638
37:59.1,1.166757759
37:59.2,1.181702742
37:59.3,1.302161395
37:59.4,1.388137513
37:59.5,1.279023654
37:59.6,1.293547379
37:59.7,1.400907399
37:59.8,1.394452783
37:59.9,1.41170173
38:00.0,1.302401678
38:00.1,1.183475329
38:00.2,1.268705152
38:00.3,1.225013564
38:00.4,1.109622803
38:00.5,1.154246695
38:00.6,1.15473481
38:00.7,1.15869007
38:00.8,1.300345851
38:00.9,1.313071461
38:01.0,1.230897699
38:01.1,1.280507874
38:01.2,1.230196343
38:01.3,1.150908309
38:01.4,1.207458918
38:01.5,1.117075951
38:01.6,1.064114184
38:01.7,1.145876163
38:01.8,1.137812063
38:01.9,1.193224557
38:02.0,1.241033697
38:02.1,1.20444914
38:02.2,1.211420695
38:02.3,1.178934171
38:02.4,1.201450128
38:02.5,1.25594454
38:02.6,1.193553162
38:02.7,1.146230995
38:02.8,1.209814465
38:02.9,1.29131359
38:03.0,1.245360279
38:03.1,1.109240123
38:03.2,1.068146237
38:03.3,1.145751718
38:03.4,1.152987263
38:03.5,1.111453262
38:03.6,1.139108972
38:03.7,1.201224061
38:03.8,1.276618757
38:03.9,1.254413683
38:04.0,1.176487573
38:04.1,1.199939814
38:04.2,1.128638088
38:04.3,0.93953553
38:04.4,0.970056232
38:04.5,1.061128274
38:04.6,1.01297769
38:04.7,1.050436749
38:04.8,1.056647864
38:04.9,1.0373596
38:05.0,1.159326663
38:05.1,1.104023214
38:05.2,1.043240235
38:05.3,1.133854055
38:05.4,1.107266636
38:05.5,1.071059544
38:05.6,1.044422307
38:05.7,1.034290329
38:05.8,1.107849288
38:05.9,1.127643835
38:06.0,1.058009319
38:06.1,1.005745965
38:06.2,1.113945343
38:06.3,1.214112929
38:06.4,1.07074194
38:06.5,1.035882011
38:06.6,1.010853424
38:06.7,1.024347735
38:06.8,1.169473459
38:06.9,1.036441907
38:07.0,0.930254253
38:07.1,1.06584812
38:07.2,1.068998844
38:07.3,1.065529219
38:07.4,1.064177558
38:07.5,0.901090673
38:07.6,0.951743811
38:07.7,1.135294133
38:07.8,1.10228652
38:07.9,1.023677609
38:08.0,1.005184048
38:08.1,0.96751975
38:08.2,0.972385973
38:08.3,0.990964489
38:08.4,0.908399434
38:08.5,0.944845932
38:08.6,0.999097337
38:08.7,0.982966469
38:08.8,1.07645338
38:08.9,1.217200211
38:09.0,1.219322
38:09.1,1.216992672
38:09.2,1.2095662489999999
38:09.3,1.216236955
38:09.4,1.219182709
38:09.5,1.206788751
38:09.6,1.202177801
38:09.7,1.193065195
38:09.8,1.189161317
38:09.9,1.198565683
38:10.0,1.196266472
38:10.1,1.187460323
38:10.2,1.1923489054999998
38:10.3,1.188190408
38:10.4,1.1778517110000002
38:10.5,1.169946039
38:10.6,1.186496559
38:10.7,1.186530717
38:10.8,1.1928602000000001
38:10.9,1.196542985
38:11.0,1.196379024
38:11.1,1.185098214
38:11.2,1.191079648
38:11.3,1.189840988
38:11.4,1.185500385
38:11.5,1.184803052
38:11.6,1.1722286825000001
38:11.7,1.164883769
38:11.8,1.1561113829999998
38:11.9,1.1561400974999998
38:12.0,1.15673883
38:12.1,1.1663895014999999
38:12.2,1.1720090074999998
38:12.3,1.171237966
38:12.4,1.184885881
38:12.5,1.193004586
38:12.6,1.1962899285000002
38:12.7,1.191196873
38:12.8,1.194391108
38:12.9,1.186112254
38:13.0,1.186708396
38:13.1,1.1865875940000001
38:13.2,1.198145895
38:13.3,1.198815341
38:13.4,1.196881794
38:13.5,1.194977382
38:13.6,1.200919528
38:13.7,1.1908118435000001
38:13.8,1.195854924
38:13.9,1.209059773
38:14.0,1.208840489
38:14.1,1.21252009
38:14.2,1.212430666
38:14.3,1.2118709509999999
38:14.4,1.199879935
38:14.5,1.19950927
38:14.6,1.198577311
38:14.7,1.203582446
38:14.8,1.2048711595000001
38:14.9,1.201136415
38:15.0,1.1954505
38:15.1,1.1931636485000001
38:15.2,1.188544135
38:15.3,1.181422339
38:15.4,1.190876633
38:15.5,1.1989061515000001
38:15.6,1.1962821479999999
38:15.7,1.199286381
38:15.8,1.198771399
38:15.9,1.193441404
38:16.0,1.188134616
38:16.1,1.184520594
38:16.2,1.185065196
38:16.3,1.1821752600000002
38:16.4,1.1748750380000001
38:16.5,1.1811216990000002
38:16.6,1.1821139340000002
38:16.7,1.178430921
38:16.8,1.184704327
38:16.9,1.1840123144999999
38:17.0,1.1779471730000002
38:17.1,1.1762429110000001
38:17.2,1.184581925
38:17.3,1.185065395
38:17.4,1.190225865
38:17.5,1.1855881359999998
38:17.6,1.188417052
38:17.7,1.183890501
38:17.8,1.183474482
38:17.9,1.1876662530000002
38:18.0,1.190489741
38:18.1,1.1849378105000001
38:18.2,1.1793195760000001
38:18.3,1.176439701
38:18.4,1.167520923
38:18.5,1.1679993204999999
38:18.6,1.169469559
38:18.7,1.160430531
38:18.8,1.156382676
38:18.9,1.167473434
38:19.0,1.166252319
38:19.1,1.173415624
38:19.2,1.175932456
38:19.3,1.175313901
38:19.4,1.175023453
38:19.5,1.182386501
38:19.6,1.1841596559999998
38:19.7,1.187735999
38:19.8,1.195488032
38:19.9,1.1905679450000002
38:20.0,1.185553078
38:20.1,1.184808351
38:20.2,1.19259194
38:20.3,1.192985132
38:20.4,1.1883101305000001
38:20.5,1.195243149
38:20.6,1.19268003
38:20.7,1.180530333
38:20.8,1.1716714320000001
38:20.9,1.184525909
38:21.0,1.178279427
38:21.1,1.172890242
38:21.2,1.1697554975000002
38:21.3,1.176297503
38:21.4,1.1651482450000001
38:21.5,1.160381478
38:21.6,1.159557544
38:21.7,1.1689488135000001
38:21.8,1.168161768
38:21.9,1.1727087625000001
38:22.0,1.185089029
38:22.1,1.181357462
38:22.2,1.17313144
38:22.3,1.1658237420000002
38:22.4,1.165811669
38:22.5,1.158904896
38:22.6,1.16102557
38:22.7,1.164648183
38:22.8,1.162213719
38:22.9,1.159791336
38:23.0,1.15869579
38:23.1,1.1552819644999999
38:23.2,1.162493387
38:23.3,1.171583502
38:23.4,1.176248353
38:23.5,1.172178977
38:23.6,1.176565703
38:23.7,1.1779659900000001
38:23.8,1.1736513505000001
38:23.9,1.162532366
38:24.0,1.1624114639999998
38:24.1,1.174230354
38:24.2,1.16669841
38:24.3,1.162163566
38:24.4,1.170613309
38:24.5,1.175699594
38:24.6,1.176494613
38:24.7,1.176351257
38:24.8,1.193317991
38:24.9,1.192691157
38:25.0,1.1973416110000001
38:25.1,1.1936111770000002
38:25.2,1.195373601
38:25.3,1.17831328
38:25.4,1.1767322189999998
38:25.5,1.168779653
38:25.6,1.170703587
38:25.7,1.1701444799999998
38:25.8,1.1736543515000002
38:25.9,1.175209167
38:26.0,1.169529479
38:26.1,1.1580593060000002
38:26.2,1.149337186
38:26.3,1.149542482
38:26.4,1.142819273
38:26.5,1.144786002
38:26.6,1.146974482
38:26.7,1.153039175
38:26.8,1.142321836
38:26.9,1.148667661
38:27.0,1.149133506
38:27.1,1.139671308
38:27.2,1.130285219
38:27.3,1.1255794744999998
38:27.4,1.109862128
38:27.5,1.097558877
38:27.6,1.107599035
38:27.7,1.123374803
38:27.8,1.1368427360000002
38:27.9,1.133781204
38:28.0,1.1391363545000002
38:28.1,1.134892247
38:28.2,1.1283252314999999
38:28.3,1.1174393980000001
38:28.4,1.1245852735000001
38:28.5,1.132588638
38:28.6,1.125258616
38:28.7,1.106735075
38:28.8,1.0984707089999999
38:28.9,1.104632603
38:29.0,1.1024083875000001
38:29.1,1.114877244
38:29.2,1.122385446
38:29.3,1.132391623
38:29.4,1.124976685
38:29.5,1.122448226
38:29.6,1.1201555724999999
38:29.7,1.118997342
38:29.8,1.109373361
38:29.9,1.094609356
38:30.0,1.0760736075000001
38:30.1,1.084455407
38:30.2,1.077781824
38:30.3,1.068635597
38:30.4,1.066737255
38:30.5,1.061746449
38:30.6,1.05466115
38:30.7,1.055969928
38:30.8,1.063597989
38:30.9,1.081911364
38:31.0,1.0893095105000001
38:31.1,1.086800203
38:31.2,1.09662203
38:31.3,1.104459421
38:31.4,1.102845808
38:31.5,1.099652306
38:31.6,1.1002998865000002
38:31.7,1.106055474
38:31.8,1.111250771
38:31.9,1.110006749
38:32.0,1.117479312
38:32.1,1.124035612
38:32.2,1.1216919225000002
38:32.3,1.125076404
38:32.4,1.121724527
38:32.5,1.129873795
38:32.6,1.131943863
38:32.7,1.139877288
38:32.8,1.1416274075000001
38:32.9,1.148706918
38:33.0,1.149972289
38:33.1,1.156778005
38:33.2,1.158191988
38:33.3,1.163294677
38:33.4,1.166633687
38:33.5,1.1604649710000001
38:33.6,1.151878177
38:33.7,1.1489912635000001
38:33.8,1.14712954
38:33.9,1.1504929910000001
38:34.0,1.160934126
38:34.1,1.167704278
38:34.2,1.1768309394999998
38:34.3,1.171280045
38:34.4,1.170186034
38:34.5,1.1620341875000002
38:34.6,1.1509414850000002
38:34.7,1.131539804
38:34.8,1.132412105
38:34.9,1.119113802
38:35.0,1.1330261885000001
38:35.1,1.1307111380000001
38:35.2,1.1273759239999999
38:35.3,1.119057124
38:35.4,1.119023791
38:35.5,1.108980208
38:35.6,1.1101569919999998
38:35.7,1.106186411
38:35.8,1.110895802
38:35.9,1.104902568
38:36.0,1.105122406
38:36.1,1.111631915
38:36.2,1.1164919420000001
38:36.3,1.11889766
38:36.4,1.1174541809999998
38:36.5,1.111328031
38:36.6,1.1020488935000001
38:36.7,1.092852706
38:36.8,1.081089583
38:36.9,1.089259906
38:37.0,1.086917636
38:37.1,1.087140803
38:37.2,1.098566789
38:37.3,1.104318075
38:37.4,1.099945557
38:37.5,1.1003113199999999
38:37.6,1.100016761
38:37.7,1.090955018
38:37.8,1.0926760954999999
38:37.9,1.094284011
38:38.0,1.0923948165000001
38:38.1,1.1018679859999998
38:38.2,1.0985988230000001
38:38.3,1.1004798894999999
38:38.4,1.1080109
38:38.5,1.1081983599999998
38:38.6,1.087395086
38:38.7,1.08316321
38:38.8,1.0762220089999999
38:38.9,1.06206436
38:39.0,1.052404759
38:39.1,1.052338451
38:39.2,1.045252038
38:39.3,1.010044267
38:39.4,0.9756353504999999
38:39.5,0.9843963275000001
38:39.6,0.984683941
38:39.7,0.984159338
38:39.8,0.9974820870000001
38:39.9,1.012628855
38:40.0,1.026432002
38:40.1,1.054400387
38:40.2,1.073071774
38:40.3,1.072744787
38:40.4,1.080917716
38:40.5,1.084180703
38:40.6,1.104840578
38:40.7,1.121090397
38:40.8,1.135398946
38:40.9,1.139833876
38:41.0,1.1475687374999999
38:41.1,1.138369766
38:41.2,1.131935736
38:41.3,1.1400284735000001
38:41.4,1.135257278
38:41.5,1.123351853
38:41.6,1.122072686
38:41.7,1.119449092
38:41.8,1.109541644
38:41.9,1.12195891
38:42.0,1.126680779
38:42.1,1.1313744940000001
38:42.2,1.133679888
38:42.3,1.122802429
38:42.4,1.111481665
38:42.5,1.112561935
38:42.6,1.099995488
38:42.7,1.085239769
38:42.8,1.084550567
38:42.9,1.074668875
38:43.0,1.0637448145000001
38:43.1,1.061710474
38:43.2,1.072394096
38:43.3,1.081206373
38:43.4,1.0840377284999998
38:43.5,1.0815402994999999
38:43.6,1.090937017
38:43.7,1.089191376
38:43.8,1.088700782
38:43.9,1.086116276
38:44.0,1.076992003
38:44.1,1.070004529
38:44.2,1.0637333629999999
38:44.3,1.046064403
38:44.4,1.043095978
38:44.5,1.054542552
38:44.6,1.0457087994999998
38:44.7,1.0500010770000001
38:44.8,1.061134409
38:44.9,1.071863326
38:45.0,1.076127902
38:45.1,1.0708491274999998
38:45.2,1.076353844
38:45.3,1.0824181880000001
38:45.4,1.077661525
38:45.5,1.0750580379999999
38:45.6,1.086878375
38:45.7,1.092792349
38:45.8,1.0960932245000001
38:45.9,1.1032163650000002
38:46.0,1.112662501
38:46.1,1.124013508
38:46.2,1.128420771
38:46.3,1.1267951379999999
38:46.4,1.13170431
38:46.5,1.130537584
38:46.6,1.12768657
38:46.7,1.12281923
38:46.8,1.125218711
38:46.9,1.123579337
38:47.0,1.132841462
38:47.1,1.126029489
38:47.2,1.119210308
38:47.3,1.1212074804999999
38:47.4,1.1100699619999999
38:47.5,1.10439028
38:47.6,1.1155068510000001
38:47.7,1.124096
38:47.8,1.120919594
38:47.9,1.125868311
38:48.0,1.1242833989999999
38:48.1,1.1104928200000002
38:48.2,1.104060435
38:48.3,1.0976476444999999
38:48.4,1.106722545
38:48.5,1.111081719
38:48.6,1.125014478
38:48.7,1.119889852
38:48.8,1.125665429
38:48.9,1.123702526
38:49.0,1.1226780834999999
38:49.1,1.113285457
38:49.2,1.1286848790000001
38:49.3,1.1307586299999999
38:49.4,1.131525148
38:49.5,1.125848601
38:49.6,1.113902668
38:49.7,1.11133853
38:49.8,1.102042414
38:49.9,1.096662092